"","fips_code","mkt","statefp"
"1","01001",262,"01"
"2","01003",264,"01"
"3","01005",54,"01"
"4","01007",101,"01"
"5","01009",145,"01"
"6","01011",262,"01"
"7","01013",262,"01"
"8","01015",233,"01"
"9","01017",92,"01"
"10","01019",279,"01"
"11","01021",145,"01"
"12","01023",244,"01"
"13","01025",264,"01"
"14","01027",145,"01"
"15","01029",92,"01"
"16","01031",54,"01"
"17","01033",84,"01"
"18","01035",328,"01"
"19","01037",145,"01"
"20","01039",329,"01"
"21","01041",262,"01"
"22","01043",330,"01"
"23","01045",54,"01"
"24","01047",101,"01"
"25","01049",233,"01"
"26","01051",262,"01"
"27","01053",331,"01"
"28","01055",233,"01"
"29","01057",101,"01"
"30","01059",84,"01"
"31","01061",54,"01"
"32","01063",101,"01"
"33","01065",101,"01"
"34","01067",54,"01"
"35","01069",54,"01"
"36","01071",281,"01"
"37","01073",145,"01"
"38","01075",254,"01"
"39","01077",84,"01"
"40","01079",281,"01"
"41","01081",259,"01"
"42","01083",281,"01"
"43","01085",262,"01"
"44","01087",262,"01"
"45","01089",281,"01"
"46","01091",101,"01"
"47","01093",254,"01"
"48","01095",281,"01"
"49","01097",264,"01"
"50","01099",264,"01"
"51","01101",262,"01"
"52","01103",281,"01"
"53","01105",101,"01"
"54","01107",101,"01"
"55","01109",262,"01"
"56","01111",92,"01"
"57","01113",259,"01"
"58","01115",145,"01"
"59","01117",145,"01"
"60","01119",244,"01"
"61","01121",145,"01"
"62","01123",92,"01"
"63","01125",101,"01"
"64","01127",84,"01"
"65","01129",264,"01"
"66","01131",264,"01"
"67","01133",84,"01"
"68","02013",7,"02"
"69","02020",7,"02"
"70","02050",7,"02"
"71","02060",7,"02"
"72","02068",7,"02"
"73","02070",7,"02"
"74","02090",7,"02"
"75","02100",7,"02"
"76","02105",7,"02"
"77","02110",7,"02"
"78","02122",7,"02"
"79","02130",7,"02"
"80","02150",7,"02"
"81","02164",7,"02"
"82","02170",7,"02"
"83","02180",7,"02"
"84","02185",7,"02"
"85","02188",7,"02"
"86","02195",55,"02"
"87","02198",7,"02"
"88","02220",7,"02"
"89","02230",7,"02"
"90","02240",7,"02"
"91","02261",7,"02"
"92","02275",7,"02"
"93","02282",7,"02"
"94","02290",7,"02"
"95","04001",180,"04"
"96","04003",267,"04"
"97","04005",180,"04"
"98","04007",332,"04"
"99","04009",267,"04"
"100","04011",267,"04"
"101","04012",121,"04"
"102","04013",333,"04"
"103","04015",121,"04"
"104","04017",180,"04"
"105","04019",267,"04"
"106","04021",334,"04"
"107","04023",267,"04"
"108","04025",335,"04"
"109","04027",336,"04"
"110","05001",19,"05"
"111","05003",19,"05"
"112","05005",235,"05"
"113","05007",272,"05"
"114","05009",272,"05"
"115","05011",19,"05"
"116","05013",19,"05"
"117","05015",272,"05"
"118","05017",222,"05"
"119","05019",19,"05"
"120","05021",224,"05"
"121","05023",19,"05"
"122","05025",19,"05"
"123","05027",337,"05"
"124","05029",19,"05"
"125","05031",224,"05"
"126","05033",232,"05"
"127","05035",15,"05"
"128","05037",224,"05"
"129","05039",19,"05"
"130","05041",19,"05"
"131","05043",19,"05"
"132","05045",19,"05"
"133","05047",232,"05"
"134","05049",235,"05"
"135","05051",19,"05"
"136","05053",19,"05"
"137","05055",224,"05"
"138","05057",216,"05"
"139","05059",19,"05"
"140","05061",216,"05"
"141","05063",235,"05"
"142","05065",235,"05"
"143","05067",224,"05"
"144","05069",19,"05"
"145","05071",232,"05"
"146","05073",216,"05"
"147","05075",224,"05"
"148","05077",15,"05"
"149","05079",19,"05"
"150","05081",216,"05"
"151","05083",232,"05"
"152","05085",19,"05"
"153","05087",272,"05"
"154","05089",235,"05"
"155","05091",216,"05"
"156","05093",224,"05"
"157","05095",19,"05"
"158","05097",19,"05"
"159","05099",216,"05"
"160","05101",272,"05"
"161","05103",19,"05"
"162","05105",19,"05"
"163","05107",338,"05"
"164","05109",19,"05"
"165","05111",224,"05"
"166","05113",19,"05"
"167","05115",291,"05"
"168","05117",19,"05"
"169","05119",19,"05"
"170","05121",224,"05"
"171","05123",224,"05"
"172","05125",19,"05"
"173","05127",232,"05"
"174","05129",235,"05"
"175","05131",232,"05"
"176","05133",216,"05"
"177","05135",235,"05"
"178","05137",235,"05"
"179","05139",19,"05"
"180","05141",19,"05"
"181","05143",272,"05"
"182","05145",19,"05"
"183","05147",19,"05"
"184","05149",291,"05"
"185","06001",339,"06"
"186","06003",49,"06"
"187","06005",176,"06"
"188","06007",156,"06"
"189","06009",17,"06"
"190","06011",156,"06"
"191","06013",340,"06"
"192","06015",164,"06"
"193","06017",133,"06"
"194","06019",165,"06"
"195","06021",156,"06"
"196","06023",341,"06"
"197","06025",342,"06"
"198","06027",82,"06"
"199","06029",343,"06"
"200","06031",119,"06"
"201","06033",344,"06"
"202","06035",49,"06"
"203","06037",345,"06"
"204","06039",165,"06"
"205","06041",346,"06"
"206","06043",73,"06"
"207","06045",127,"06"
"208","06047",73,"06"
"209","06049",49,"06"
"210","06051",49,"06"
"211","06053",123,"06"
"212","06055",110,"06"
"213","06057",347,"06"
"214","06059",348,"06"
"215","06061",133,"06"
"216","06063",49,"06"
"217","06065",349,"06"
"218","06067",176,"06"
"219","06069",123,"06"
"220","06071",350,"06"
"221","06073",351,"06"
"222","06075",352,"06"
"223","06077",17,"06"
"224","06079",125,"06"
"225","06081",353,"06"
"226","06083",125,"06"
"227","06085",354,"06"
"228","06087",355,"06"
"229","06089",257,"06"
"230","06091",49,"06"
"231","06093",164,"06"
"232","06095",110,"06"
"233","06097",127,"06"
"234","06099",356,"06"
"235","06101",286,"06"
"236","06103",156,"06"
"237","06105",257,"06"
"238","06107",119,"06"
"239","06109",357,"06"
"240","06111",358,"06"
"241","06113",176,"06"
"242","06115",286,"06"
"243","08001",197,"08"
"244","08003",96,"08"
"245","08005",88,"08"
"246","08007",220,"08"
"247","08009",96,"08"
"248","08011",96,"08"
"249","08013",197,"08"
"250","08014",197,"08"
"251","08015",96,"08"
"252","08017",359,"08"
"253","08019",88,"08"
"254","08021",96,"08"
"255","08023",96,"08"
"256","08025",96,"08"
"257","08027",96,"08"
"258","08029",52,"08"
"259","08031",88,"08"
"260","08033",220,"08"
"261","08035",199,"08"
"262","08037",52,"08"
"263","08039",199,"08"
"264","08041",96,"08"
"265","08043",96,"08"
"266","08045",52,"08"
"267","08047",88,"08"
"268","08049",88,"08"
"269","08051",52,"08"
"270","08053",35,"08"
"271","08055",96,"08"
"272","08057",61,"08"
"273","08059",88,"08"
"274","08061",96,"08"
"275","08063",88,"08"
"276","08065",88,"08"
"277","08067",220,"08"
"278","08069",61,"08"
"279","08071",96,"08"
"280","08073",96,"08"
"281","08075",61,"08"
"282","08077",52,"08"
"283","08079",96,"08"
"284","08081",52,"08"
"285","08083",220,"08"
"286","08085",52,"08"
"287","08087",61,"08"
"288","08089",96,"08"
"289","08091",52,"08"
"290","08093",88,"08"
"291","08095",61,"08"
"292","08097",52,"08"
"293","08099",96,"08"
"294","08101",96,"08"
"295","08103",52,"08"
"296","08105",96,"08"
"297","08107",360,"08"
"298","08109",96,"08"
"299","08111",220,"08"
"300","08113",52,"08"
"301","08115",61,"08"
"302","08117",88,"08"
"303","08119",96,"08"
"304","08121",61,"08"
"305","08123",61,"08"
"306","08125",61,"08"
"307","09001",109,"09"
"308","09003",155,"09"
"309","09005",109,"09"
"310","09007",155,"09"
"311","09009",361,"09"
"312","09011",362,"09"
"313","09013",155,"09"
"314","09015",155,"09"
"315","10001",181,"10"
"316","10003",181,"10"
"317","10005",363,"10"
"318","11001",284,"11"
"319","12001",321,"12"
"320","12003",14,"12"
"321","12005",103,"12"
"322","12007",321,"12"
"323","12009",364,"12"
"324","12011",365,"12"
"325","12013",103,"12"
"326","12015",22,"12"
"327","12017",134,"12"
"328","12019",366,"12"
"329","12021",367,"12"
"330","12023",321,"12"
"331","12027",22,"12"
"332","12029",321,"12"
"333","12031",14,"12"
"334","12033",218,"12"
"335","12035",113,"12"
"336","12037",103,"12"
"337","12039",103,"12"
"338","12041",321,"12"
"339","12043",143,"12"
"340","12045",103,"12"
"341","12047",321,"12"
"342","12049",11,"12"
"343","12051",143,"12"
"344","12053",134,"12"
"345","12055",11,"12"
"346","12057",368,"12"
"347","12059",54,"12"
"348","12061",369,"12"
"349","12063",54,"12"
"350","12065",103,"12"
"351","12067",321,"12"
"352","12069",117,"12"
"353","12071",143,"12"
"354","12073",103,"12"
"355","12075",321,"12"
"356","12077",103,"12"
"357","12079",103,"12"
"358","12081",22,"12"
"359","12083",370,"12"
"360","12085",32,"12"
"361","12086",371,"12"
"362","12087",372,"12"
"363","12089",14,"12"
"364","12091",185,"12"
"365","12093",373,"12"
"366","12095",225,"12"
"367","12097",225,"12"
"368","12099",374,"12"
"369","12101",375,"12"
"370","12103",376,"12"
"371","12105",11,"12"
"372","12107",321,"12"
"373","12109",14,"12"
"374","12111",32,"12"
"375","12113",218,"12"
"376","12115",22,"12"
"377","12117",225,"12"
"378","12119",117,"12"
"379","12121",321,"12"
"380","12123",103,"12"
"381","12125",321,"12"
"382","12127",113,"12"
"383","12129",103,"12"
"384","12131",185,"12"
"385","12133",54,"12"
"386","13001",274,"13"
"387","13003",41,"13"
"388","13005",14,"13"
"389","13007",54,"13"
"390","13009",102,"13"
"391","13011",68,"13"
"392","13013",68,"13"
"393","13015",279,"13"
"394","13017",41,"13"
"395","13019",41,"13"
"396","13021",102,"13"
"397","13023",102,"13"
"398","13025",14,"13"
"399","13027",41,"13"
"400","13029",274,"13"
"401","13031",274,"13"
"402","13033",299,"13"
"403","13035",191,"13"
"404","13037",54,"13"
"405","13039",14,"13"
"406","13043",274,"13"
"407","13045",92,"13"
"408","13047",47,"13"
"409","13049",14,"13"
"410","13051",274,"13"
"411","13053",259,"13"
"412","13055",279,"13"
"413","13057",78,"13"
"414","13059",68,"13"
"415","13061",54,"13"
"416","13063",72,"13"
"417","13065",41,"13"
"418","13067",78,"13"
"419","13069",377,"13"
"420","13071",378,"13"
"421","13073",299,"13"
"422","13075",41,"13"
"423","13077",72,"13"
"424","13079",102,"13"
"425","13081",102,"13"
"426","13083",47,"13"
"427","13085",68,"13"
"428","13087",103,"13"
"429","13089",379,"13"
"430","13091",102,"13"
"431","13093",102,"13"
"432","13095",54,"13"
"433","13097",78,"13"
"434","13099",54,"13"
"435","13101",41,"13"
"436","13103",274,"13"
"437","13105",68,"13"
"438","13107",299,"13"
"439","13109",274,"13"
"440","13111",47,"13"
"441","13113",72,"13"
"442","13115",279,"13"
"443","13117",68,"13"
"444","13119",68,"13"
"445","13121",31,"13"
"446","13123",31,"13"
"447","13125",299,"13"
"448","13127",14,"13"
"449","13129",279,"13"
"450","13131",41,"13"
"451","13133",68,"13"
"452","13135",68,"13"
"453","13137",68,"13"
"454","13139",68,"13"
"455","13141",102,"13"
"456","13143",279,"13"
"457","13145",259,"13"
"458","13147",68,"13"
"459","13149",92,"13"
"460","13151",72,"13"
"461","13153",102,"13"
"462","13155",41,"13"
"463","13157",68,"13"
"464","13159",102,"13"
"465","13161",274,"13"
"466","13163",299,"13"
"467","13165",299,"13"
"468","13167",102,"13"
"469","13169",102,"13"
"470","13171",102,"13"
"471","13173",41,"13"
"472","13175",102,"13"
"473","13177",54,"13"
"474","13179",274,"13"
"475","13181",299,"13"
"476","13183",274,"13"
"477","13185",41,"13"
"478","13187",68,"13"
"479","13189",299,"13"
"480","13191",274,"13"
"481","13193",102,"13"
"482","13195",68,"13"
"483","13197",259,"13"
"484","13199",92,"13"
"485","13201",54,"13"
"486","13205",54,"13"
"487","13207",102,"13"
"488","13209",274,"13"
"489","13211",68,"13"
"490","13213",47,"13"
"491","13215",259,"13"
"492","13217",91,"13"
"493","13219",68,"13"
"494","13221",68,"13"
"495","13223",78,"13"
"496","13225",102,"13"
"497","13227",380,"13"
"498","13229",14,"13"
"499","13231",191,"13"
"500","13233",279,"13"
"501","13235",102,"13"
"502","13237",102,"13"
"503","13239",54,"13"
"504","13241",68,"13"
"505","13243",54,"13"
"506","13245",299,"13"
"507","13247",91,"13"
"508","13249",54,"13"
"509","13251",274,"13"
"510","13253",54,"13"
"511","13255",191,"13"
"512","13257",68,"13"
"513","13259",259,"13"
"514","13261",54,"13"
"515","13263",259,"13"
"516","13265",299,"13"
"517","13267",274,"13"
"518","13269",102,"13"
"519","13271",102,"13"
"520","13273",54,"13"
"521","13275",41,"13"
"522","13277",41,"13"
"523","13279",274,"13"
"524","13281",68,"13"
"525","13283",102,"13"
"526","13285",92,"13"
"527","13287",41,"13"
"528","13289",102,"13"
"529","13291",68,"13"
"530","13293",102,"13"
"531","13295",47,"13"
"532","13297",68,"13"
"533","13299",14,"13"
"534","13301",299,"13"
"535","13303",299,"13"
"536","13305",274,"13"
"537","13307",259,"13"
"538","13309",274,"13"
"539","13311",68,"13"
"540","13313",47,"13"
"541","13315",102,"13"
"542","13317",299,"13"
"543","13319",102,"13"
"544","13321",54,"13"
"545","15005",124,"15"
"546","15009",124,"15"
"547","16001",252,"16"
"548","16003",252,"16"
"549","16005",325,"16"
"550","16007",325,"16"
"551","16009",51,"16"
"552","16011",219,"16"
"553","16013",252,"16"
"554","16015",252,"16"
"555","16017",51,"16"
"556","16019",219,"16"
"557","16021",51,"16"
"558","16023",219,"16"
"559","16025",252,"16"
"560","16027",252,"16"
"561","16029",325,"16"
"562","16031",316,"16"
"563","16033",219,"16"
"564","16035",175,"16"
"565","16037",219,"16"
"566","16039",252,"16"
"567","16041",223,"16"
"568","16043",219,"16"
"569","16045",252,"16"
"570","16047",316,"16"
"571","16049",175,"16"
"572","16051",219,"16"
"573","16053",316,"16"
"574","16055",51,"16"
"575","16057",175,"16"
"576","16059",219,"16"
"577","16061",175,"16"
"578","16063",316,"16"
"579","16065",219,"16"
"580","16067",316,"16"
"581","16069",175,"16"
"582","16071",223,"16"
"583","16073",252,"16"
"584","16075",252,"16"
"585","16077",325,"16"
"586","16079",51,"16"
"587","16081",219,"16"
"588","16083",316,"16"
"589","16085",252,"16"
"590","16087",252,"16"
"591","17001",5,"17"
"592","17003",158,"17"
"593","17005",5,"17"
"594","17007",298,"17"
"595","17009",5,"17"
"596","17011",273,"17"
"597","17013",303,"17"
"598","17015",67,"17"
"599","17017",5,"17"
"600","17019",48,"17"
"601","17021",5,"17"
"602","17023",187,"17"
"603","17025",147,"17"
"604","17027",147,"17"
"605","17029",48,"17"
"606","17031",381,"17"
"607","17033",318,"17"
"608","17035",48,"17"
"609","17037",382,"17"
"610","17039",48,"17"
"611","17041",48,"17"
"612","17043",9,"17"
"613","17045",187,"17"
"614","17047",75,"17"
"615","17049",5,"17"
"616","17051",5,"17"
"617","17053",48,"17"
"618","17055",59,"17"
"619","17057",273,"17"
"620","17059",75,"17"
"621","17061",5,"17"
"622","17063",9,"17"
"623","17065",75,"17"
"624","17067",5,"17"
"625","17069",59,"17"
"626","17071",26,"17"
"627","17073",273,"17"
"628","17075",48,"17"
"629","17077",59,"17"
"630","17079",48,"17"
"631","17081",147,"17"
"632","17083",303,"17"
"633","17085",26,"17"
"634","17087",59,"17"
"635","17089",383,"17"
"636","17091",48,"17"
"637","17093",9,"17"
"638","17095",273,"17"
"639","17097",384,"17"
"640","17099",273,"17"
"641","17101",318,"17"
"642","17103",298,"17"
"643","17105",277,"17"
"644","17107",5,"17"
"645","17109",273,"17"
"646","17111",385,"17"
"647","17113",277,"17"
"648","17115",48,"17"
"649","17117",5,"17"
"650","17119",303,"17"
"651","17121",147,"17"
"652","17123",273,"17"
"653","17125",5,"17"
"654","17127",59,"17"
"655","17129",5,"17"
"656","17131",289,"17"
"657","17133",147,"17"
"658","17135",5,"17"
"659","17137",5,"17"
"660","17139",48,"17"
"661","17141",298,"17"
"662","17143",273,"17"
"663","17145",59,"17"
"664","17147",48,"17"
"665","17149",5,"17"
"666","17151",59,"17"
"667","17153",158,"17"
"668","17155",273,"17"
"669","17157",147,"17"
"670","17159",75,"17"
"671","17161",289,"17"
"672","17163",147,"17"
"673","17165",75,"17"
"674","17167",5,"17"
"675","17169",5,"17"
"676","17171",5,"17"
"677","17173",5,"17"
"678","17175",273,"17"
"679","17177",67,"17"
"680","17179",273,"17"
"681","17181",158,"17"
"682","17183",48,"17"
"683","17185",75,"17"
"684","17187",273,"17"
"685","17189",147,"17"
"686","17191",75,"17"
"687","17193",75,"17"
"688","17195",67,"17"
"689","17197",9,"17"
"690","17199",59,"17"
"691","17201",298,"17"
"692","17203",273,"17"
"693","18001",6,"18"
"694","18003",6,"18"
"695","18005",25,"18"
"696","18007",229,"18"
"697","18009",6,"18"
"698","18011",245,"18"
"699","18013",25,"18"
"700","18015",229,"18"
"701","18017",229,"18"
"702","18019",141,"18"
"703","18021",187,"18"
"704","18023",229,"18"
"705","18025",141,"18"
"706","18027",141,"18"
"707","18029",107,"18"
"708","18031",25,"18"
"709","18033",6,"18"
"710","18035",319,"18"
"711","18037",75,"18"
"712","18039",20,"18"
"713","18041",245,"18"
"714","18043",141,"18"
"715","18045",229,"18"
"716","18047",107,"18"
"717","18049",386,"18"
"718","18051",75,"18"
"719","18053",6,"18"
"720","18055",250,"18"
"721","18057",245,"18"
"722","18059",245,"18"
"723","18061",141,"18"
"724","18063",245,"18"
"725","18065",319,"18"
"726","18067",6,"18"
"727","18069",6,"18"
"728","18071",25,"18"
"729","18073",229,"18"
"730","18075",319,"18"
"731","18077",141,"18"
"732","18079",25,"18"
"733","18081",25,"18"
"734","18083",318,"18"
"735","18085",6,"18"
"736","18087",6,"18"
"737","18089",71,"18"
"738","18091",70,"18"
"739","18093",250,"18"
"740","18095",387,"18"
"741","18097",245,"18"
"742","18099",198,"18"
"743","18101",141,"18"
"744","18103",6,"18"
"745","18105",250,"18"
"746","18107",229,"18"
"747","18109",25,"18"
"748","18111",229,"18"
"749","18113",6,"18"
"750","18115",107,"18"
"751","18117",141,"18"
"752","18119",250,"18"
"753","18121",187,"18"
"754","18123",75,"18"
"755","18125",75,"18"
"756","18127",71,"18"
"757","18129",75,"18"
"758","18131",229,"18"
"759","18133",245,"18"
"760","18135",65,"18"
"761","18137",107,"18"
"762","18139",245,"18"
"763","18141",198,"18"
"764","18143",141,"18"
"765","18145",25,"18"
"766","18147",75,"18"
"767","18149",70,"18"
"768","18151",6,"18"
"769","18153",187,"18"
"770","18155",107,"18"
"771","18157",229,"18"
"772","18159",245,"18"
"773","18161",65,"18"
"774","18163",75,"18"
"775","18165",187,"18"
"776","18167",187,"18"
"777","18169",6,"18"
"778","18171",229,"18"
"779","18173",75,"18"
"780","18175",141,"18"
"781","18177",65,"18"
"782","18179",6,"18"
"783","18181",229,"18"
"784","18183",6,"18"
"785","19001",26,"19"
"786","19003",26,"19"
"787","19005",74,"19"
"788","19007",26,"19"
"789","19009",388,"19"
"790","19011",26,"19"
"791","19013",26,"19"
"792","19015",26,"19"
"793","19017",26,"19"
"794","19019",26,"19"
"795","19021",315,"19"
"796","19023",26,"19"
"797","19025",26,"19"
"798","19027",26,"19"
"799","19029",26,"19"
"800","19031",26,"19"
"801","19033",23,"19"
"802","19035",315,"19"
"803","19037",23,"19"
"804","19039",26,"19"
"805","19041",33,"19"
"806","19043",26,"19"
"807","19045",26,"19"
"808","19047",35,"19"
"809","19049",26,"19"
"810","19051",26,"19"
"811","19053",26,"19"
"812","19055",26,"19"
"813","19057",26,"19"
"814","19059",33,"19"
"815","19061",26,"19"
"816","19063",33,"19"
"817","19065",26,"19"
"818","19067",23,"19"
"819","19069",23,"19"
"820","19071",35,"19"
"821","19073",26,"19"
"822","19075",26,"19"
"823","19077",26,"19"
"824","19079",26,"19"
"825","19081",23,"19"
"826","19083",23,"19"
"827","19085",35,"19"
"828","19087",26,"19"
"829","19089",23,"19"
"830","19091",23,"19"
"831","19093",315,"19"
"832","19095",26,"19"
"833","19097",26,"19"
"834","19099",26,"19"
"835","19101",26,"19"
"836","19103",26,"19"
"837","19105",26,"19"
"838","19107",26,"19"
"839","19109",23,"19"
"840","19111",26,"19"
"841","19113",26,"19"
"842","19115",26,"19"
"843","19117",26,"19"
"844","19119",33,"19"
"845","19121",26,"19"
"846","19123",26,"19"
"847","19125",26,"19"
"848","19127",26,"19"
"849","19129",35,"19"
"850","19131",23,"19"
"851","19133",315,"19"
"852","19135",26,"19"
"853","19137",35,"19"
"854","19139",26,"19"
"855","19141",33,"19"
"856","19143",33,"19"
"857","19145",35,"19"
"858","19147",23,"19"
"859","19149",315,"19"
"860","19151",23,"19"
"861","19153",26,"19"
"862","19155",35,"19"
"863","19157",26,"19"
"864","19159",26,"19"
"865","19161",389,"19"
"866","19163",26,"19"
"867","19165",35,"19"
"868","19167",33,"19"
"869","19169",26,"19"
"870","19171",26,"19"
"871","19173",26,"19"
"872","19175",26,"19"
"873","19177",26,"19"
"874","19179",26,"19"
"875","19181",26,"19"
"876","19183",26,"19"
"877","19185",26,"19"
"878","19187",23,"19"
"879","19189",23,"19"
"880","19191",23,"19"
"881","19193",315,"19"
"882","19195",23,"19"
"883","19197",23,"19"
"884","20001",81,"20"
"885","20003",153,"20"
"886","20005",170,"20"
"887","20007",80,"20"
"888","20009",260,"20"
"889","20011",215,"20"
"890","20013",63,"20"
"891","20015",80,"20"
"892","20017",63,"20"
"893","20019",10,"20"
"894","20021",215,"20"
"895","20023",36,"20"
"896","20025",129,"20"
"897","20027",265,"20"
"898","20029",265,"20"
"899","20031",63,"20"
"900","20033",80,"20"
"901","20035",80,"20"
"902","20037",215,"20"
"903","20039",36,"20"
"904","20041",265,"20"
"905","20043",170,"20"
"906","20045",63,"20"
"907","20047",80,"20"
"908","20049",80,"20"
"909","20051",260,"20"
"910","20053",265,"20"
"911","20055",34,"20"
"912","20057",34,"20"
"913","20059",162,"20"
"914","20061",63,"20"
"915","20063",260,"20"
"916","20065",260,"20"
"917","20067",34,"20"
"918","20069",34,"20"
"919","20071",260,"20"
"920","20073",80,"20"
"921","20075",34,"20"
"922","20077",80,"20"
"923","20079",80,"20"
"924","20081",34,"20"
"925","20083",260,"20"
"926","20085",63,"20"
"927","20087",63,"20"
"928","20089",168,"20"
"929","20091",162,"20"
"930","20093",34,"20"
"931","20095",80,"20"
"932","20097",80,"20"
"933","20099",215,"20"
"934","20101",260,"20"
"935","20103",162,"20"
"936","20105",265,"20"
"937","20107",162,"20"
"938","20109",260,"20"
"939","20111",63,"20"
"940","20113",265,"20"
"941","20115",80,"20"
"942","20117",35,"20"
"943","20119",129,"20"
"944","20121",162,"20"
"945","20123",265,"20"
"946","20125",10,"20"
"947","20127",63,"20"
"948","20129",307,"20"
"949","20131",63,"20"
"950","20133",81,"20"
"951","20135",260,"20"
"952","20137",260,"20"
"953","20139",63,"20"
"954","20141",265,"20"
"955","20143",265,"20"
"956","20145",260,"20"
"957","20147",260,"20"
"958","20149",63,"20"
"959","20151",80,"20"
"960","20153",390,"20"
"961","20155",312,"20"
"962","20157",265,"20"
"963","20159",312,"20"
"964","20161",63,"20"
"965","20163",260,"20"
"966","20165",260,"20"
"967","20167",260,"20"
"968","20169",265,"20"
"969","20171",260,"20"
"970","20173",80,"20"
"971","20175",307,"20"
"972","20177",63,"20"
"973","20179",391,"20"
"974","20181",260,"20"
"975","20183",36,"20"
"976","20185",80,"20"
"977","20187",34,"20"
"978","20189",34,"20"
"979","20191",80,"20"
"980","20193",260,"20"
"981","20195",260,"20"
"982","20197",63,"20"
"983","20199",260,"20"
"984","20201",392,"20"
"985","20203",34,"20"
"986","20205",393,"20"
"987","20207",63,"20"
"988","20209",162,"20"
"989","21001",1,"21"
"990","21003",1,"21"
"991","21005",108,"21"
"992","21007",59,"21"
"993","21009",1,"21"
"994","21011",108,"21"
"995","21013",263,"21"
"996","21015",280,"21"
"997","21017",108,"21"
"998","21019",8,"21"
"999","21021",108,"21"
"1000","21023",280,"21"
"1001","21025",297,"21"
"1002","21027",141,"21"
"1003","21029",141,"21"
"1004","21031",1,"21"
"1005","21033",59,"21"
"1006","21035",59,"21"
"1007","21037",280,"21"
"1008","21039",59,"21"
"1009","21041",141,"21"
"1010","21043",8,"21"
"1011","21045",108,"21"
"1012","21047",75,"21"
"1013","21049",108,"21"
"1014","21051",108,"21"
"1015","21053",247,"21"
"1016","21055",59,"21"
"1017","21057",1,"21"
"1018","21059",75,"21"
"1019","21061",1,"21"
"1020","21063",108,"21"
"1021","21065",108,"21"
"1022","21067",108,"21"
"1023","21069",108,"21"
"1024","21071",8,"21"
"1025","21073",108,"21"
"1026","21075",59,"21"
"1027","21077",280,"21"
"1028","21079",108,"21"
"1029","21081",280,"21"
"1030","21083",59,"21"
"1031","21085",141,"21"
"1032","21087",141,"21"
"1033","21089",8,"21"
"1034","21091",75,"21"
"1035","21093",141,"21"
"1036","21095",297,"21"
"1037","21097",108,"21"
"1038","21099",1,"21"
"1039","21101",75,"21"
"1040","21103",141,"21"
"1041","21105",59,"21"
"1042","21107",75,"21"
"1043","21109",108,"21"
"1044","21111",141,"21"
"1045","21113",108,"21"
"1046","21115",8,"21"
"1047","21117",280,"21"
"1048","21119",297,"21"
"1049","21121",108,"21"
"1050","21123",141,"21"
"1051","21125",108,"21"
"1052","21127",8,"21"
"1053","21129",108,"21"
"1054","21131",297,"21"
"1055","21133",8,"21"
"1056","21135",8,"21"
"1057","21137",108,"21"
"1058","21139",59,"21"
"1059","21141",1,"21"
"1060","21143",59,"21"
"1061","21145",59,"21"
"1062","21147",108,"21"
"1063","21149",75,"21"
"1064","21151",108,"21"
"1065","21153",8,"21"
"1066","21155",141,"21"
"1067","21157",59,"21"
"1068","21159",8,"21"
"1069","21161",108,"21"
"1070","21163",141,"21"
"1071","21165",108,"21"
"1072","21167",108,"21"
"1073","21169",1,"21"
"1074","21171",1,"21"
"1075","21173",108,"21"
"1076","21175",108,"21"
"1077","21177",75,"21"
"1078","21179",141,"21"
"1079","21181",108,"21"
"1080","21183",75,"21"
"1081","21185",141,"21"
"1082","21187",280,"21"
"1083","21189",108,"21"
"1084","21191",280,"21"
"1085","21193",297,"21"
"1086","21195",8,"21"
"1087","21197",108,"21"
"1088","21199",108,"21"
"1089","21201",108,"21"
"1090","21203",108,"21"
"1091","21205",108,"21"
"1092","21207",108,"21"
"1093","21209",108,"21"
"1094","21211",141,"21"
"1095","21213",1,"21"
"1096","21215",141,"21"
"1097","21217",1,"21"
"1098","21219",1,"21"
"1099","21221",59,"21"
"1100","21223",141,"21"
"1101","21225",75,"21"
"1102","21227",1,"21"
"1103","21229",141,"21"
"1104","21231",108,"21"
"1105","21233",75,"21"
"1106","21235",108,"21"
"1107","21237",108,"21"
"1108","21239",108,"21"
"1109","22001",56,"22"
"1110","22003",238,"22"
"1111","22005",236,"22"
"1112","22007",236,"22"
"1113","22009",238,"22"
"1114","22011",323,"22"
"1115","22013",308,"22"
"1116","22015",308,"22"
"1117","22017",308,"22"
"1118","22019",323,"22"
"1119","22021",205,"22"
"1120","22023",323,"22"
"1121","22025",238,"22"
"1122","22027",308,"22"
"1123","22029",238,"22"
"1124","22031",308,"22"
"1125","22033",236,"22"
"1126","22035",205,"22"
"1127","22037",236,"22"
"1128","22039",394,"22"
"1129","22041",205,"22"
"1130","22043",238,"22"
"1131","22045",56,"22"
"1132","22047",236,"22"
"1133","22049",205,"22"
"1134","22051",171,"22"
"1135","22053",323,"22"
"1136","22055",56,"22"
"1137","22057",171,"22"
"1138","22059",238,"22"
"1139","22061",205,"22"
"1140","22063",236,"22"
"1141","22065",205,"22"
"1142","22067",205,"22"
"1143","22069",308,"22"
"1144","22071",171,"22"
"1145","22073",205,"22"
"1146","22075",171,"22"
"1147","22077",236,"22"
"1148","22079",238,"22"
"1149","22081",308,"22"
"1150","22083",205,"22"
"1151","22085",308,"22"
"1152","22087",171,"22"
"1153","22089",171,"22"
"1154","22091",290,"22"
"1155","22093",236,"22"
"1156","22095",171,"22"
"1157","22097",56,"22"
"1158","22099",56,"22"
"1159","22101",56,"22"
"1160","22103",221,"22"
"1161","22105",290,"22"
"1162","22107",205,"22"
"1163","22109",171,"22"
"1164","22111",205,"22"
"1165","22113",56,"22"
"1166","22115",238,"22"
"1167","22117",221,"22"
"1168","22119",308,"22"
"1169","22121",236,"22"
"1170","22123",205,"22"
"1171","22125",236,"22"
"1172","22127",238,"22"
"1173","23001",177,"23"
"1174","23003",300,"23"
"1175","23005",177,"23"
"1176","23007",177,"23"
"1177","23009",300,"23"
"1178","23011",177,"23"
"1179","23013",177,"23"
"1180","23015",177,"23"
"1181","23017",177,"23"
"1182","23019",300,"23"
"1183","23021",300,"23"
"1184","23023",177,"23"
"1185","23025",300,"23"
"1186","23027",300,"23"
"1187","23029",300,"23"
"1188","23031",177,"23"
"1189","24001",27,"24"
"1190","24003",288,"24"
"1191","24005",395,"24"
"1192","24009",288,"24"
"1193","24011",148,"24"
"1194","24013",396,"24"
"1195","24015",181,"24"
"1196","24017",397,"24"
"1197","24019",148,"24"
"1198","24021",398,"24"
"1199","24023",27,"24"
"1200","24025",399,"24"
"1201","24027",400,"24"
"1202","24029",148,"24"
"1203","24031",401,"24"
"1204","24033",284,"24"
"1205","24035",148,"24"
"1206","24037",284,"24"
"1207","24039",243,"24"
"1208","24041",148,"24"
"1209","24043",402,"24"
"1210","24045",243,"24"
"1211","24047",243,"24"
"1212","24510",403,"24"
"1213","25001",404,"25"
"1214","25003",405,"25"
"1215","25005",406,"25"
"1216","25007",112,"25"
"1217","25009",407,"25"
"1218","25011",282,"25"
"1219","25013",282,"25"
"1220","25015",282,"25"
"1221","25017",408,"25"
"1222","25021",120,"25"
"1223","25023",120,"25"
"1224","25025",112,"25"
"1225","25027",409,"25"
"1226","26001",139,"26"
"1227","26003",43,"26"
"1228","26005",211,"26"
"1229","26007",139,"26"
"1230","26009",240,"26"
"1231","26011",214,"26"
"1232","26013",43,"26"
"1233","26015",211,"26"
"1234","26017",214,"26"
"1235","26019",240,"26"
"1236","26021",20,"26"
"1237","26023",20,"26"
"1238","26025",20,"26"
"1239","26027",20,"26"
"1240","26029",240,"26"
"1241","26031",139,"26"
"1242","26033",139,"26"
"1243","26035",301,"26"
"1244","26037",202,"26"
"1245","26039",240,"26"
"1246","26041",43,"26"
"1247","26043",206,"26"
"1248","26045",202,"26"
"1249","26047",139,"26"
"1250","26049",410,"26"
"1251","26051",301,"26"
"1252","26053",231,"26"
"1253","26055",240,"26"
"1254","26057",301,"26"
"1255","26059",20,"26"
"1256","26061",43,"26"
"1257","26063",214,"26"
"1258","26065",202,"26"
"1259","26067",211,"26"
"1260","26069",214,"26"
"1261","26071",43,"26"
"1262","26073",301,"26"
"1263","26075",411,"26"
"1264","26077",20,"26"
"1265","26079",240,"26"
"1266","26081",211,"26"
"1267","26083",43,"26"
"1268","26085",211,"26"
"1269","26087",412,"26"
"1270","26089",240,"26"
"1271","26091",45,"26"
"1272","26093",89,"26"
"1273","26095",43,"26"
"1274","26097",139,"26"
"1275","26099",413,"26"
"1276","26101",240,"26"
"1277","26103",43,"26"
"1278","26105",211,"26"
"1279","26107",211,"26"
"1280","26109",206,"26"
"1281","26111",301,"26"
"1282","26113",240,"26"
"1283","26115",45,"26"
"1284","26117",211,"26"
"1285","26119",139,"26"
"1286","26121",211,"26"
"1287","26123",211,"26"
"1288","26125",89,"26"
"1289","26127",211,"26"
"1290","26129",214,"26"
"1291","26131",43,"26"
"1292","26133",240,"26"
"1293","26135",240,"26"
"1294","26137",240,"26"
"1295","26139",211,"26"
"1296","26141",139,"26"
"1297","26143",240,"26"
"1298","26145",214,"26"
"1299","26147",86,"26"
"1300","26149",20,"26"
"1301","26151",86,"26"
"1302","26153",43,"26"
"1303","26155",202,"26"
"1304","26157",214,"26"
"1305","26159",20,"26"
"1306","26161",89,"26"
"1307","26163",414,"26"
"1308","26165",240,"26"
"1309","27001",415,"27"
"1310","27003",227,"27"
"1311","27005",188,"27"
"1312","27007",188,"27"
"1313","27009",227,"27"
"1314","27011",33,"27"
"1315","27013",23,"27"
"1316","27015",213,"27"
"1317","27017",305,"27"
"1318","27019",213,"27"
"1319","27021",227,"27"
"1320","27023",227,"27"
"1321","27025",416,"27"
"1322","27027",188,"27"
"1323","27029",188,"27"
"1324","27031",305,"27"
"1325","27033",33,"27"
"1326","27035",227,"27"
"1327","27037",100,"27"
"1328","27039",23,"27"
"1329","27041",227,"27"
"1330","27043",23,"27"
"1331","27045",23,"27"
"1332","27047",23,"27"
"1333","27049",23,"27"
"1334","27051",188,"27"
"1335","27053",213,"27"
"1336","27055",74,"27"
"1337","27057",188,"27"
"1338","27059",213,"27"
"1339","27061",305,"27"
"1340","27063",33,"27"
"1341","27065",213,"27"
"1342","27067",227,"27"
"1343","27069",188,"27"
"1344","27071",305,"27"
"1345","27073",417,"27"
"1346","27075",305,"27"
"1347","27077",188,"27"
"1348","27079",23,"27"
"1349","27081",33,"27"
"1350","27083",33,"27"
"1351","27085",213,"27"
"1352","27087",188,"27"
"1353","27089",188,"27"
"1354","27091",23,"27"
"1355","27093",227,"27"
"1356","27095",227,"27"
"1357","27097",227,"27"
"1358","27099",23,"27"
"1359","27101",33,"27"
"1360","27103",23,"27"
"1361","27105",33,"27"
"1362","27107",188,"27"
"1363","27109",23,"27"
"1364","27111",188,"27"
"1365","27113",188,"27"
"1366","27115",213,"27"
"1367","27117",33,"27"
"1368","27119",188,"27"
"1369","27121",227,"27"
"1370","27123",100,"27"
"1371","27125",188,"27"
"1372","27127",418,"27"
"1373","27129",227,"27"
"1374","27131",213,"27"
"1375","27133",33,"27"
"1376","27135",188,"27"
"1377","27137",305,"27"
"1378","27139",213,"27"
"1379","27141",227,"27"
"1380","27143",213,"27"
"1381","27145",227,"27"
"1382","27147",23,"27"
"1383","27149",227,"27"
"1384","27151",227,"27"
"1385","27153",227,"27"
"1386","27155",188,"27"
"1387","27157",23,"27"
"1388","27159",227,"27"
"1389","27161",23,"27"
"1390","27163",100,"27"
"1391","27165",23,"27"
"1392","27167",188,"27"
"1393","27169",23,"27"
"1394","27171",227,"27"
"1395","27173",33,"27"
"1396","28001",179,"28"
"1397","28003",254,"28"
"1398","28005",106,"28"
"1399","28007",106,"28"
"1400","28009",254,"28"
"1401","28011",222,"28"
"1402","28013",254,"28"
"1403","28015",106,"28"
"1404","28017",254,"28"
"1405","28019",254,"28"
"1406","28021",179,"28"
"1407","28023",244,"28"
"1408","28025",254,"28"
"1409","28027",62,"28"
"1410","28029",106,"28"
"1411","28031",295,"28"
"1412","28033",15,"28"
"1413","28035",295,"28"
"1414","28037",106,"28"
"1415","28039",264,"28"
"1416","28041",295,"28"
"1417","28043",62,"28"
"1418","28045",196,"28"
"1419","28047",196,"28"
"1420","28049",106,"28"
"1421","28051",106,"28"
"1422","28053",106,"28"
"1423","28055",222,"28"
"1424","28057",254,"28"
"1425","28059",196,"28"
"1426","28061",295,"28"
"1427","28063",179,"28"
"1428","28065",295,"28"
"1429","28067",295,"28"
"1430","28069",244,"28"
"1431","28071",62,"28"
"1432","28073",295,"28"
"1433","28075",244,"28"
"1434","28077",295,"28"
"1435","28079",106,"28"
"1436","28081",254,"28"
"1437","28083",106,"28"
"1438","28085",106,"28"
"1439","28087",254,"28"
"1440","28089",106,"28"
"1441","28091",295,"28"
"1442","28093",15,"28"
"1443","28095",254,"28"
"1444","28097",106,"28"
"1445","28099",244,"28"
"1446","28101",244,"28"
"1447","28103",254,"28"
"1448","28105",254,"28"
"1449","28107",62,"28"
"1450","28109",295,"28"
"1451","28111",295,"28"
"1452","28113",106,"28"
"1453","28115",254,"28"
"1454","28117",254,"28"
"1455","28119",62,"28"
"1456","28121",106,"28"
"1457","28123",106,"28"
"1458","28125",222,"28"
"1459","28127",106,"28"
"1460","28129",106,"28"
"1461","28131",295,"28"
"1462","28133",222,"28"
"1463","28135",62,"28"
"1464","28137",62,"28"
"1465","28139",254,"28"
"1466","28141",254,"28"
"1467","28143",62,"28"
"1468","28145",254,"28"
"1469","28147",295,"28"
"1470","28149",179,"28"
"1471","28151",222,"28"
"1472","28153",295,"28"
"1473","28155",254,"28"
"1474","28157",236,"28"
"1475","28159",106,"28"
"1476","28161",62,"28"
"1477","28163",106,"28"
"1478","29001",5,"29"
"1479","29003",170,"29"
"1480","29005",35,"29"
"1481","29007",5,"29"
"1482","29009",140,"29"
"1483","29011",215,"29"
"1484","29013",419,"29"
"1485","29015",140,"29"
"1486","29017",158,"29"
"1487","29019",5,"29"
"1488","29021",170,"29"
"1489","29023",158,"29"
"1490","29025",170,"29"
"1491","29027",5,"29"
"1492","29029",5,"29"
"1493","29031",158,"29"
"1494","29033",170,"29"
"1495","29035",158,"29"
"1496","29037",153,"29"
"1497","29039",140,"29"
"1498","29041",5,"29"
"1499","29043",140,"29"
"1500","29045",5,"29"
"1501","29047",170,"29"
"1502","29049",170,"29"
"1503","29051",5,"29"
"1504","29053",5,"29"
"1505","29055",138,"29"
"1506","29057",140,"29"
"1507","29059",140,"29"
"1508","29061",170,"29"
"1509","29063",170,"29"
"1510","29065",138,"29"
"1511","29067",140,"29"
"1512","29069",224,"29"
"1513","29071",138,"29"
"1514","29073",138,"29"
"1515","29075",170,"29"
"1516","29077",140,"29"
"1517","29079",153,"29"
"1518","29081",170,"29"
"1519","29083",153,"29"
"1520","29085",140,"29"
"1521","29087",170,"29"
"1522","29089",5,"29"
"1523","29091",140,"29"
"1524","29093",138,"29"
"1525","29095",153,"29"
"1526","29097",215,"29"
"1527","29099",138,"29"
"1528","29101",153,"29"
"1529","29103",5,"29"
"1530","29105",140,"29"
"1531","29107",153,"29"
"1532","29109",140,"29"
"1533","29111",5,"29"
"1534","29113",210,"29"
"1535","29115",5,"29"
"1536","29117",153,"29"
"1537","29119",215,"29"
"1538","29121",5,"29"
"1539","29123",158,"29"
"1540","29125",5,"29"
"1541","29127",5,"29"
"1542","29129",153,"29"
"1543","29131",5,"29"
"1544","29133",158,"29"
"1545","29135",5,"29"
"1546","29137",5,"29"
"1547","29139",5,"29"
"1548","29141",5,"29"
"1549","29143",158,"29"
"1550","29145",215,"29"
"1551","29147",170,"29"
"1552","29149",140,"29"
"1553","29151",5,"29"
"1554","29153",140,"29"
"1555","29155",15,"29"
"1556","29157",158,"29"
"1557","29159",5,"29"
"1558","29161",5,"29"
"1559","29163",210,"29"
"1560","29165",170,"29"
"1561","29167",140,"29"
"1562","29169",140,"29"
"1563","29171",5,"29"
"1564","29173",5,"29"
"1565","29175",5,"29"
"1566","29177",170,"29"
"1567","29179",158,"29"
"1568","29181",158,"29"
"1569","29183",210,"29"
"1570","29185",140,"29"
"1571","29186",138,"29"
"1572","29187",138,"29"
"1573","29189",138,"29"
"1574","29195",5,"29"
"1575","29197",5,"29"
"1576","29199",5,"29"
"1577","29201",158,"29"
"1578","29203",140,"29"
"1579","29205",5,"29"
"1580","29207",158,"29"
"1581","29209",140,"29"
"1582","29211",5,"29"
"1583","29213",140,"29"
"1584","29215",140,"29"
"1585","29217",215,"29"
"1586","29219",210,"29"
"1587","29221",138,"29"
"1588","29223",158,"29"
"1589","29225",140,"29"
"1590","29227",170,"29"
"1591","29229",140,"29"
"1592","29510",303,"29"
"1593","30001",95,"30"
"1594","30003",33,"30"
"1595","30005",33,"30"
"1596","30007",29,"30"
"1597","30009",33,"30"
"1598","30011",33,"30"
"1599","30013",275,"30"
"1600","30015",275,"30"
"1601","30017",33,"30"
"1602","30019",33,"30"
"1603","30021",33,"30"
"1604","30023",95,"30"
"1605","30025",33,"30"
"1606","30027",33,"30"
"1607","30029",95,"30"
"1608","30031",29,"30"
"1609","30033",33,"30"
"1610","30035",275,"30"
"1611","30037",33,"30"
"1612","30039",95,"30"
"1613","30041",275,"30"
"1614","30043",29,"30"
"1615","30045",33,"30"
"1616","30047",95,"30"
"1617","30049",29,"30"
"1618","30051",275,"30"
"1619","30053",95,"30"
"1620","30055",33,"30"
"1621","30057",29,"30"
"1622","30059",275,"30"
"1623","30061",95,"30"
"1624","30063",95,"30"
"1625","30065",33,"30"
"1626","30067",33,"30"
"1627","30069",33,"30"
"1628","30071",33,"30"
"1629","30073",275,"30"
"1630","30075",33,"30"
"1631","30077",95,"30"
"1632","30079",33,"30"
"1633","30081",95,"30"
"1634","30083",33,"30"
"1635","30085",33,"30"
"1636","30087",33,"30"
"1637","30089",95,"30"
"1638","30091",33,"30"
"1639","30093",29,"30"
"1640","30095",33,"30"
"1641","30097",33,"30"
"1642","30099",275,"30"
"1643","30101",275,"30"
"1644","30103",33,"30"
"1645","30105",33,"30"
"1646","30107",33,"30"
"1647","30109",33,"30"
"1648","30111",33,"30"
"1649","31001",168,"31"
"1650","31003",241,"31"
"1651","31005",36,"31"
"1652","31007",24,"31"
"1653","31009",36,"31"
"1654","31011",35,"31"
"1655","31013",24,"31"
"1656","31015",241,"31"
"1657","31017",36,"31"
"1658","31019",36,"31"
"1659","31021",35,"31"
"1660","31023",35,"31"
"1661","31025",35,"31"
"1662","31027",33,"31"
"1663","31029",36,"31"
"1664","31031",36,"31"
"1665","31033",36,"31"
"1666","31035",35,"31"
"1667","31037",35,"31"
"1668","31039",35,"31"
"1669","31041",36,"31"
"1670","31043",315,"31"
"1671","31045",24,"31"
"1672","31047",36,"31"
"1673","31049",36,"31"
"1674","31051",315,"31"
"1675","31053",35,"31"
"1676","31055",35,"31"
"1677","31057",61,"31"
"1678","31059",35,"31"
"1679","31061",36,"31"
"1680","31063",36,"31"
"1681","31065",36,"31"
"1682","31067",35,"31"
"1683","31069",36,"31"
"1684","31071",36,"31"
"1685","31073",36,"31"
"1686","31075",36,"31"
"1687","31077",36,"31"
"1688","31079",36,"31"
"1689","31081",35,"31"
"1690","31083",36,"31"
"1691","31085",36,"31"
"1692","31087",36,"31"
"1693","31089",241,"31"
"1694","31091",36,"31"
"1695","31093",36,"31"
"1696","31095",35,"31"
"1697","31097",35,"31"
"1698","31099",36,"31"
"1699","31101",36,"31"
"1700","31103",36,"31"
"1701","31105",24,"31"
"1702","31107",241,"31"
"1703","31109",35,"31"
"1704","31111",36,"31"
"1705","31113",36,"31"
"1706","31115",36,"31"
"1707","31117",36,"31"
"1708","31119",241,"31"
"1709","31121",35,"31"
"1710","31123",24,"31"
"1711","31125",35,"31"
"1712","31127",35,"31"
"1713","31129",168,"31"
"1714","31131",35,"31"
"1715","31133",35,"31"
"1716","31135",36,"31"
"1717","31137",36,"31"
"1718","31139",241,"31"
"1719","31141",35,"31"
"1720","31143",35,"31"
"1721","31145",36,"31"
"1722","31147",35,"31"
"1723","31149",36,"31"
"1724","31151",35,"31"
"1725","31153",35,"31"
"1726","31155",35,"31"
"1727","31157",24,"31"
"1728","31159",35,"31"
"1729","31161",24,"31"
"1730","31163",36,"31"
"1731","31165",24,"31"
"1732","31167",241,"31"
"1733","31169",35,"31"
"1734","31171",36,"31"
"1735","31173",315,"31"
"1736","31175",36,"31"
"1737","31177",35,"31"
"1738","31179",241,"31"
"1739","31181",168,"31"
"1740","31183",36,"31"
"1741","31185",35,"31"
"1742","32001",49,"32"
"1743","32003",420,"32"
"1744","32005",49,"32"
"1745","32007",261,"32"
"1746","32009",49,"32"
"1747","32011",261,"32"
"1748","32013",49,"32"
"1749","32015",49,"32"
"1750","32017",317,"32"
"1751","32019",49,"32"
"1752","32021",49,"32"
"1753","32023",82,"32"
"1754","32027",49,"32"
"1755","32029",49,"32"
"1756","32031",49,"32"
"1757","32033",261,"32"
"1758","32510",49,"32"
"1759","33001",122,"33"
"1760","33003",421,"33"
"1761","33005",230,"33"
"1762","33007",230,"33"
"1763","33009",230,"33"
"1764","33011",422,"33"
"1765","33013",122,"33"
"1766","33015",135,"33"
"1767","33017",135,"33"
"1768","33019",230,"33"
"1769","34001",184,"34"
"1770","34003",423,"34"
"1771","34005",57,"34"
"1772","34007",57,"34"
"1773","34009",184,"34"
"1774","34011",424,"34"
"1775","34013",425,"34"
"1776","34015",57,"34"
"1777","34017",426,"34"
"1778","34019",427,"34"
"1779","34021",428,"34"
"1780","34023",429,"34"
"1781","34025",430,"34"
"1782","34027",97,"34"
"1783","34029",431,"34"
"1784","34031",432,"34"
"1785","34033",181,"34"
"1786","34035",97,"34"
"1787","34037",97,"34"
"1788","34039",433,"34"
"1789","34041",434,"34"
"1790","35001",28,"35"
"1791","35003",28,"35"
"1792","35005",435,"35"
"1793","35006",28,"35"
"1794","35007",436,"35"
"1795","35009",85,"35"
"1796","35011",85,"35"
"1797","35013",269,"35"
"1798","35015",85,"35"
"1799","35017",269,"35"
"1800","35019",28,"35"
"1801","35021",85,"35"
"1802","35023",269,"35"
"1803","35025",85,"35"
"1804","35027",28,"35"
"1805","35028",28,"35"
"1806","35029",269,"35"
"1807","35031",28,"35"
"1808","35033",28,"35"
"1809","35035",28,"35"
"1810","35037",85,"35"
"1811","35039",28,"35"
"1812","35041",85,"35"
"1813","35043",28,"35"
"1814","35045",87,"35"
"1815","35047",28,"35"
"1816","35049",28,"35"
"1817","35051",269,"35"
"1818","35053",28,"35"
"1819","35055",28,"35"
"1820","35057",28,"35"
"1821","35059",85,"35"
"1822","35061",28,"35"
"1823","36001",251,"36"
"1824","36003",38,"36"
"1825","36005",437,"36"
"1826","36007",53,"36"
"1827","36009",38,"36"
"1828","36011",248,"36"
"1829","36013",174,"36"
"1830","36015",37,"36"
"1831","36017",53,"36"
"1832","36019",189,"36"
"1833","36021",251,"36"
"1834","36023",248,"36"
"1835","36025",53,"36"
"1836","36027",126,"36"
"1837","36029",38,"36"
"1838","36031",189,"36"
"1839","36033",189,"36"
"1840","36035",251,"36"
"1841","36037",38,"36"
"1842","36039",251,"36"
"1843","36041",251,"36"
"1844","36043",53,"36"
"1845","36045",248,"36"
"1846","36047",438,"36"
"1847","36049",248,"36"
"1848","36051",38,"36"
"1849","36053",248,"36"
"1850","36055",38,"36"
"1851","36057",251,"36"
"1852","36059",136,"36"
"1853","36061",439,"36"
"1854","36063",38,"36"
"1855","36065",53,"36"
"1856","36067",248,"36"
"1857","36069",38,"36"
"1858","36071",111,"36"
"1859","36073",38,"36"
"1860","36075",248,"36"
"1861","36077",53,"36"
"1862","36079",440,"36"
"1863","36081",136,"36"
"1864","36083",251,"36"
"1865","36085",441,"36"
"1866","36087",442,"36"
"1867","36089",443,"36"
"1868","36091",251,"36"
"1869","36093",251,"36"
"1870","36095",251,"36"
"1871","36097",37,"36"
"1872","36099",38,"36"
"1873","36101",37,"36"
"1874","36103",444,"36"
"1875","36105",111,"36"
"1876","36107",53,"36"
"1877","36109",37,"36"
"1878","36111",126,"36"
"1879","36113",251,"36"
"1880","36115",251,"36"
"1881","36117",38,"36"
"1882","36119",445,"36"
"1883","36121",38,"36"
"1884","36123",38,"36"
"1885","37001",40,"37"
"1886","37003",4,"37"
"1887","37005",4,"37"
"1888","37007",21,"37"
"1889","37009",4,"37"
"1890","37011",268,"37"
"1891","37013",64,"37"
"1892","37015",64,"37"
"1893","37017",3,"37"
"1894","37019",3,"37"
"1895","37021",268,"37"
"1896","37023",302,"37"
"1897","37025",167,"37"
"1898","37027",302,"37"
"1899","37029",190,"37"
"1900","37031",3,"37"
"1901","37033",40,"37"
"1902","37035",302,"37"
"1903","37037",40,"37"
"1904","37039",268,"37"
"1905","37041",64,"37"
"1906","37043",68,"37"
"1907","37045",21,"37"
"1908","37047",3,"37"
"1909","37049",64,"37"
"1910","37051",50,"37"
"1911","37053",190,"37"
"1912","37055",190,"37"
"1913","37057",4,"37"
"1914","37059",4,"37"
"1915","37061",64,"37"
"1916","37063",40,"37"
"1917","37065",64,"37"
"1918","37067",4,"37"
"1919","37069",50,"37"
"1920","37071",21,"37"
"1921","37073",190,"37"
"1922","37075",268,"37"
"1923","37077",40,"37"
"1924","37079",64,"37"
"1925","37081",296,"37"
"1926","37083",64,"37"
"1927","37085",50,"37"
"1928","37087",268,"37"
"1929","37089",268,"37"
"1930","37091",64,"37"
"1931","37093",144,"37"
"1932","37095",64,"37"
"1933","37097",4,"37"
"1934","37099",268,"37"
"1935","37101",50,"37"
"1936","37103",3,"37"
"1937","37105",144,"37"
"1938","37107",64,"37"
"1939","37109",21,"37"
"1940","37111",268,"37"
"1941","37113",268,"37"
"1942","37115",268,"37"
"1943","37117",64,"37"
"1944","37119",21,"37"
"1945","37121",268,"37"
"1946","37123",144,"37"
"1947","37125",144,"37"
"1948","37127",64,"37"
"1949","37129",3,"37"
"1950","37131",64,"37"
"1951","37133",3,"37"
"1952","37135",40,"37"
"1953","37137",3,"37"
"1954","37139",190,"37"
"1955","37141",3,"37"
"1956","37143",64,"37"
"1957","37145",40,"37"
"1958","37147",64,"37"
"1959","37149",268,"37"
"1960","37151",296,"37"
"1961","37153",144,"37"
"1962","37155",144,"37"
"1963","37157",296,"37"
"1964","37159",167,"37"
"1965","37161",21,"37"
"1966","37163",50,"37"
"1967","37165",144,"37"
"1968","37167",167,"37"
"1969","37169",4,"37"
"1970","37171",4,"37"
"1971","37173",268,"37"
"1972","37175",268,"37"
"1973","37177",64,"37"
"1974","37179",21,"37"
"1975","37181",40,"37"
"1976","37183",50,"37"
"1977","37185",40,"37"
"1978","37187",64,"37"
"1979","37189",4,"37"
"1980","37191",64,"37"
"1981","37193",4,"37"
"1982","37195",64,"37"
"1983","37197",4,"37"
"1984","37199",268,"37"
"1985","38001",33,"38"
"1986","38003",188,"38"
"1987","38005",188,"38"
"1988","38007",33,"38"
"1989","38009",324,"38"
"1990","38011",33,"38"
"1991","38013",324,"38"
"1992","38015",33,"38"
"1993","38017",188,"38"
"1994","38019",188,"38"
"1995","38021",188,"38"
"1996","38023",324,"38"
"1997","38025",33,"38"
"1998","38027",188,"38"
"1999","38029",33,"38"
"2000","38031",188,"38"
"2001","38033",33,"38"
"2002","38035",188,"38"
"2003","38037",33,"38"
"2004","38039",188,"38"
"2005","38041",33,"38"
"2006","38043",33,"38"
"2007","38045",188,"38"
"2008","38047",33,"38"
"2009","38049",324,"38"
"2010","38051",33,"38"
"2011","38053",33,"38"
"2012","38055",33,"38"
"2013","38057",33,"38"
"2014","38059",33,"38"
"2015","38061",33,"38"
"2016","38063",188,"38"
"2017","38065",33,"38"
"2018","38067",188,"38"
"2019","38069",324,"38"
"2020","38071",188,"38"
"2021","38073",188,"38"
"2022","38075",324,"38"
"2023","38077",188,"38"
"2024","38079",324,"38"
"2025","38081",188,"38"
"2026","38083",33,"38"
"2027","38085",33,"38"
"2028","38087",33,"38"
"2029","38089",33,"38"
"2030","38091",188,"38"
"2031","38093",188,"38"
"2032","38095",188,"38"
"2033","38097",188,"38"
"2034","38099",188,"38"
"2035","38101",324,"38"
"2036","38103",33,"38"
"2037","38105",324,"38"
"2038","39001",107,"39"
"2039","39003",226,"39"
"2040","39005",292,"39"
"2041","39007",12,"39"
"2042","39009",150,"39"
"2043","39011",226,"39"
"2044","39013",27,"39"
"2045","39015",60,"39"
"2046","39017",60,"39"
"2047","39019",204,"39"
"2048","39021",116,"39"
"2049","39023",116,"39"
"2050","39025",60,"39"
"2051","39027",60,"39"
"2052","39029",446,"39"
"2053","39031",209,"39"
"2054","39033",150,"39"
"2055","39035",447,"39"
"2056","39037",65,"39"
"2057","39039",45,"39"
"2058","39041",150,"39"
"2059","39043",45,"39"
"2060","39045",150,"39"
"2061","39047",150,"39"
"2062","39049",150,"39"
"2063","39051",45,"39"
"2064","39053",8,"39"
"2065","39055",12,"39"
"2066","39057",65,"39"
"2067","39059",209,"39"
"2068","39061",107,"39"
"2069","39063",309,"39"
"2070","39065",226,"39"
"2071","39067",27,"39"
"2072","39069",45,"39"
"2073","39071",8,"39"
"2074","39073",150,"39"
"2075","39075",204,"39"
"2076","39077",45,"39"
"2077","39079",150,"39"
"2078","39081",159,"39"
"2079","39083",150,"39"
"2080","39085",12,"39"
"2081","39087",8,"39"
"2082","39089",150,"39"
"2083","39091",150,"39"
"2084","39093",448,"39"
"2085","39095",45,"39"
"2086","39097",150,"39"
"2087","39099",30,"39"
"2088","39101",150,"39"
"2089","39103",212,"39"
"2090","39105",150,"39"
"2091","39107",226,"39"
"2092","39109",65,"39"
"2093","39111",27,"39"
"2094","39113",65,"39"
"2095","39115",209,"39"
"2096","39117",150,"39"
"2097","39119",209,"39"
"2098","39121",209,"39"
"2099","39123",45,"39"
"2100","39125",6,"39"
"2101","39127",209,"39"
"2102","39129",150,"39"
"2103","39131",8,"39"
"2104","39133",212,"39"
"2105","39135",65,"39"
"2106","39137",226,"39"
"2107","39139",292,"39"
"2108","39141",8,"39"
"2109","39143",45,"39"
"2110","39145",8,"39"
"2111","39147",45,"39"
"2112","39149",449,"39"
"2113","39151",204,"39"
"2114","39153",212,"39"
"2115","39155",30,"39"
"2116","39157",204,"39"
"2117","39159",150,"39"
"2118","39161",6,"39"
"2119","39163",150,"39"
"2120","39165",60,"39"
"2121","39167",27,"39"
"2122","39169",212,"39"
"2123","39171",6,"39"
"2124","39173",45,"39"
"2125","39175",309,"39"
"2126","40001",132,"40"
"2127","40003",326,"40"
"2128","40005",69,"40"
"2129","40007",307,"40"
"2130","40009",293,"40"
"2131","40011",172,"40"
"2132","40013",69,"40"
"2133","40015",93,"40"
"2134","40017",172,"40"
"2135","40019",69,"40"
"2136","40021",132,"40"
"2137","40023",99,"40"
"2138","40025",85,"40"
"2139","40027",320,"40"
"2140","40029",115,"40"
"2141","40031",93,"40"
"2142","40033",192,"40"
"2143","40035",10,"40"
"2144","40037",10,"40"
"2145","40039",172,"40"
"2146","40041",215,"40"
"2147","40043",310,"40"
"2148","40045",105,"40"
"2149","40047",326,"40"
"2150","40049",320,"40"
"2151","40051",172,"40"
"2152","40053",326,"40"
"2153","40055",93,"40"
"2154","40057",93,"40"
"2155","40059",310,"40"
"2156","40061",232,"40"
"2157","40063",450,"40"
"2158","40065",93,"40"
"2159","40067",192,"40"
"2160","40069",69,"40"
"2161","40071",451,"40"
"2162","40073",172,"40"
"2163","40075",93,"40"
"2164","40077",232,"40"
"2165","40079",232,"40"
"2166","40081",105,"40"
"2167","40083",172,"40"
"2168","40085",69,"40"
"2169","40087",320,"40"
"2170","40089",99,"40"
"2171","40091",10,"40"
"2172","40093",326,"40"
"2173","40095",69,"40"
"2174","40097",10,"40"
"2175","40099",69,"40"
"2176","40101",10,"40"
"2177","40103",131,"40"
"2178","40105",10,"40"
"2179","40107",10,"40"
"2180","40109",172,"40"
"2181","40111",10,"40"
"2182","40113",10,"40"
"2183","40115",215,"40"
"2184","40117",10,"40"
"2185","40119",131,"40"
"2186","40121",10,"40"
"2187","40123",115,"40"
"2188","40125",105,"40"
"2189","40127",99,"40"
"2190","40129",293,"40"
"2191","40131",10,"40"
"2192","40133",105,"40"
"2193","40135",232,"40"
"2194","40137",192,"40"
"2195","40139",307,"40"
"2196","40141",93,"40"
"2197","40143",10,"40"
"2198","40145",10,"40"
"2199","40147",10,"40"
"2200","40149",105,"40"
"2201","40151",326,"40"
"2202","40153",310,"40"
"2203","41001",252,"41"
"2204","41003",285,"41"
"2205","41005",154,"41"
"2206","41007",166,"41"
"2207","41009",146,"41"
"2208","41011",160,"41"
"2209","41013",313,"41"
"2210","41015",164,"41"
"2211","41017",313,"41"
"2212","41019",160,"41"
"2213","41021",258,"41"
"2214","41023",313,"41"
"2215","41025",313,"41"
"2216","41027",154,"41"
"2217","41029",164,"41"
"2218","41031",313,"41"
"2219","41033",164,"41"
"2220","41035",49,"41"
"2221","41037",313,"41"
"2222","41039",160,"41"
"2223","41041",285,"41"
"2224","41043",285,"41"
"2225","41045",252,"41"
"2226","41047",128,"41"
"2227","41049",151,"41"
"2228","41051",154,"41"
"2229","41053",128,"41"
"2230","41055",258,"41"
"2231","41057",166,"41"
"2232","41059",151,"41"
"2233","41061",252,"41"
"2234","41063",151,"41"
"2235","41065",258,"41"
"2236","41067",166,"41"
"2237","41069",313,"41"
"2238","41071",166,"41"
"2239","42001",118,"42"
"2240","42003",163,"42"
"2241","42005",452,"42"
"2242","42007",453,"42"
"2243","42009",152,"42"
"2244","42011",454,"42"
"2245","42013",152,"42"
"2246","42015",37,"42"
"2247","42017",455,"42"
"2248","42019",456,"42"
"2249","42021",152,"42"
"2250","42023",256,"42"
"2251","42025",306,"42"
"2252","42027",152,"42"
"2253","42029",457,"42"
"2254","42031",283,"42"
"2255","42033",152,"42"
"2256","42035",237,"42"
"2257","42037",237,"42"
"2258","42039",174,"42"
"2259","42041",195,"42"
"2260","42043",195,"42"
"2261","42045",458,"42"
"2262","42047",256,"42"
"2263","42049",174,"42"
"2264","42051",163,"42"
"2265","42053",283,"42"
"2266","42055",459,"42"
"2267","42057",195,"42"
"2268","42059",27,"42"
"2269","42061",152,"42"
"2270","42063",460,"42"
"2271","42065",163,"42"
"2272","42067",237,"42"
"2273","42069",77,"42"
"2274","42071",461,"42"
"2275","42073",163,"42"
"2276","42075",462,"42"
"2277","42077",306,"42"
"2278","42079",77,"42"
"2279","42081",237,"42"
"2280","42083",174,"42"
"2281","42085",463,"42"
"2282","42087",237,"42"
"2283","42089",58,"42"
"2284","42091",464,"42"
"2285","42093",237,"42"
"2286","42095",306,"42"
"2287","42097",237,"42"
"2288","42099",195,"42"
"2289","42101",465,"42"
"2290","42103",58,"42"
"2291","42105",466,"42"
"2292","42107",306,"42"
"2293","42109",237,"42"
"2294","42111",467,"42"
"2295","42113",37,"42"
"2296","42115",77,"42"
"2297","42117",37,"42"
"2298","42119",237,"42"
"2299","42121",283,"42"
"2300","42123",174,"42"
"2301","42125",27,"42"
"2302","42127",77,"42"
"2303","42129",163,"42"
"2304","42131",77,"42"
"2305","42133",118,"42"
"2306","44001",207,"44"
"2307","44003",207,"44"
"2308","44005",207,"44"
"2309","44007",207,"44"
"2310","44009",207,"44"
"2311","45001",149,"45"
"2312","45003",299,"45"
"2313","45005",299,"45"
"2314","45007",149,"45"
"2315","45009",203,"45"
"2316","45011",299,"45"
"2317","45013",287,"45"
"2318","45015",142,"45"
"2319","45017",203,"45"
"2320","45019",142,"45"
"2321","45021",270,"45"
"2322","45023",468,"45"
"2323","45025",178,"45"
"2324","45027",178,"45"
"2325","45029",142,"45"
"2326","45031",178,"45"
"2327","45033",178,"45"
"2328","45035",142,"45"
"2329","45037",299,"45"
"2330","45039",278,"45"
"2331","45041",178,"45"
"2332","45043",142,"45"
"2333","45045",271,"45"
"2334","45047",149,"45"
"2335","45049",142,"45"
"2336","45051",469,"45"
"2337","45053",287,"45"
"2338","45055",278,"45"
"2339","45057",21,"45"
"2340","45059",149,"45"
"2341","45061",178,"45"
"2342","45063",278,"45"
"2343","45065",299,"45"
"2344","45067",178,"45"
"2345","45069",178,"45"
"2346","45071",278,"45"
"2347","45073",271,"45"
"2348","45075",203,"45"
"2349","45077",271,"45"
"2350","45079",278,"45"
"2351","45081",149,"45"
"2352","45083",270,"45"
"2353","45085",178,"45"
"2354","45087",270,"45"
"2355","45089",178,"45"
"2356","45091",21,"45"
"2357","46003",33,"46"
"2358","46005",33,"46"
"2359","46007",24,"46"
"2360","46009",33,"46"
"2361","46011",33,"46"
"2362","46013",33,"46"
"2363","46015",33,"46"
"2364","46017",33,"46"
"2365","46019",24,"46"
"2366","46021",33,"46"
"2367","46023",33,"46"
"2368","46025",33,"46"
"2369","46027",33,"46"
"2370","46029",33,"46"
"2371","46031",33,"46"
"2372","46033",24,"46"
"2373","46035",33,"46"
"2374","46037",33,"46"
"2375","46039",33,"46"
"2376","46041",33,"46"
"2377","46043",33,"46"
"2378","46045",33,"46"
"2379","46047",24,"46"
"2380","46049",33,"46"
"2381","46051",33,"46"
"2382","46053",33,"46"
"2383","46055",24,"46"
"2384","46057",33,"46"
"2385","46059",33,"46"
"2386","46061",33,"46"
"2387","46063",33,"46"
"2388","46065",33,"46"
"2389","46067",33,"46"
"2390","46069",33,"46"
"2391","46071",24,"46"
"2392","46073",33,"46"
"2393","46075",33,"46"
"2394","46077",33,"46"
"2395","46079",33,"46"
"2396","46081",24,"46"
"2397","46083",33,"46"
"2398","46085",33,"46"
"2399","46087",33,"46"
"2400","46089",33,"46"
"2401","46091",33,"46"
"2402","46093",24,"46"
"2403","46095",33,"46"
"2404","46097",33,"46"
"2405","46099",33,"46"
"2406","46101",33,"46"
"2407","46103",24,"46"
"2408","46105",33,"46"
"2409","46107",33,"46"
"2410","46109",188,"46"
"2411","46111",33,"46"
"2412","46115",33,"46"
"2413","46117",33,"46"
"2414","46119",33,"46"
"2415","46121",33,"46"
"2416","46123",33,"46"
"2417","46125",33,"46"
"2418","46127",33,"46"
"2419","46129",33,"46"
"2420","46135",33,"46"
"2421","46137",33,"46"
"2422","47001",263,"47"
"2423","47003",83,"47"
"2424","47005",15,"47"
"2425","47007",47,"47"
"2426","47009",263,"47"
"2427","47011",47,"47"
"2428","47013",263,"47"
"2429","47015",255,"47"
"2430","47017",15,"47"
"2431","47019",266,"47"
"2432","47021",83,"47"
"2433","47023",15,"47"
"2434","47025",263,"47"
"2435","47027",247,"47"
"2436","47029",263,"47"
"2437","47031",255,"47"
"2438","47033",15,"47"
"2439","47035",247,"47"
"2440","47037",83,"47"
"2441","47039",15,"47"
"2442","47041",247,"47"
"2443","47043",83,"47"
"2444","47045",15,"47"
"2445","47047",15,"47"
"2446","47049",247,"47"
"2447","47051",255,"47"
"2448","47053",15,"47"
"2449","47055",83,"47"
"2450","47057",263,"47"
"2451","47059",208,"47"
"2452","47061",47,"47"
"2453","47063",263,"47"
"2454","47065",47,"47"
"2455","47067",208,"47"
"2456","47069",15,"47"
"2457","47071",15,"47"
"2458","47073",208,"47"
"2459","47075",15,"47"
"2460","47077",15,"47"
"2461","47079",15,"47"
"2462","47081",83,"47"
"2463","47083",83,"47"
"2464","47085",83,"47"
"2465","47087",247,"47"
"2466","47089",263,"47"
"2467","47091",266,"47"
"2468","47093",263,"47"
"2469","47095",15,"47"
"2470","47097",15,"47"
"2471","47099",83,"47"
"2472","47101",83,"47"
"2473","47103",281,"47"
"2474","47105",263,"47"
"2475","47107",263,"47"
"2476","47109",15,"47"
"2477","47111",39,"47"
"2478","47113",15,"47"
"2479","47115",47,"47"
"2480","47117",83,"47"
"2481","47119",83,"47"
"2482","47121",47,"47"
"2483","47123",263,"47"
"2484","47125",83,"47"
"2485","47127",255,"47"
"2486","47129",263,"47"
"2487","47131",15,"47"
"2488","47133",247,"47"
"2489","47135",83,"47"
"2490","47137",247,"47"
"2491","47139",47,"47"
"2492","47141",247,"47"
"2493","47143",47,"47"
"2494","47145",263,"47"
"2495","47147",83,"47"
"2496","47149",255,"47"
"2497","47151",263,"47"
"2498","47153",47,"47"
"2499","47155",263,"47"
"2500","47157",15,"47"
"2501","47159",39,"47"
"2502","47161",83,"47"
"2503","47163",208,"47"
"2504","47165",39,"47"
"2505","47167",15,"47"
"2506","47169",39,"47"
"2507","47171",266,"47"
"2508","47173",263,"47"
"2509","47175",247,"47"
"2510","47177",83,"47"
"2511","47179",266,"47"
"2512","47181",83,"47"
"2513","47183",15,"47"
"2514","47185",247,"47"
"2515","47187",83,"47"
"2516","47189",39,"47"
"2517","48001",66,"48"
"2518","48003",242,"48"
"2519","48005",46,"48"
"2520","48007",276,"48"
"2521","48009",192,"48"
"2522","48011",85,"48"
"2523","48013",169,"48"
"2524","48015",130,"48"
"2525","48017",85,"48"
"2526","48019",169,"48"
"2527","48021",186,"48"
"2528","48023",192,"48"
"2529","48025",276,"48"
"2530","48027",2,"48"
"2531","48029",169,"48"
"2532","48031",169,"48"
"2533","48033",85,"48"
"2534","48035",194,"48"
"2535","48037",216,"48"
"2536","48039",137,"48"
"2537","48041",327,"48"
"2538","48043",242,"48"
"2539","48045",85,"48"
"2540","48047",276,"48"
"2541","48049",16,"48"
"2542","48051",327,"48"
"2543","48053",2,"48"
"2544","48055",90,"48"
"2545","48057",239,"48"
"2546","48059",16,"48"
"2547","48061",182,"48"
"2548","48063",66,"48"
"2549","48065",85,"48"
"2550","48067",216,"48"
"2551","48069",85,"48"
"2552","48071",76,"48"
"2553","48073",66,"48"
"2554","48075",85,"48"
"2555","48077",192,"48"
"2556","48079",85,"48"
"2557","48081",16,"48"
"2558","48083",16,"48"
"2559","48085",470,"48"
"2560","48087",85,"48"
"2561","48089",186,"48"
"2562","48091",169,"48"
"2563","48093",471,"48"
"2564","48095",16,"48"
"2565","48097",69,"48"
"2566","48099",2,"48"
"2567","48101",85,"48"
"2568","48103",242,"48"
"2569","48105",16,"48"
"2570","48107",85,"48"
"2571","48109",85,"48"
"2572","48111",85,"48"
"2573","48113",173,"48"
"2574","48115",85,"48"
"2575","48117",85,"48"
"2576","48119",99,"48"
"2577","48121",472,"48"
"2578","48123",239,"48"
"2579","48125",85,"48"
"2580","48127",169,"48"
"2581","48129",85,"48"
"2582","48131",276,"48"
"2583","48133",16,"48"
"2584","48135",242,"48"
"2585","48137",169,"48"
"2586","48139",173,"48"
"2587","48141",183,"48"
"2588","48143",249,"48"
"2589","48145",194,"48"
"2590","48147",69,"48"
"2591","48149",186,"48"
"2592","48151",16,"48"
"2593","48153",85,"48"
"2594","48155",192,"48"
"2595","48157",114,"48"
"2596","48159",66,"48"
"2597","48161",194,"48"
"2598","48163",169,"48"
"2599","48165",85,"48"
"2600","48167",137,"48"
"2601","48169",85,"48"
"2602","48171",169,"48"
"2603","48173",85,"48"
"2604","48175",239,"48"
"2605","48177",169,"48"
"2606","48179",85,"48"
"2607","48181",69,"48"
"2608","48183",66,"48"
"2609","48185",327,"48"
"2610","48187",169,"48"
"2611","48189",85,"48"
"2612","48191",85,"48"
"2613","48193",194,"48"
"2614","48195",85,"48"
"2615","48197",192,"48"
"2616","48199",322,"48"
"2617","48201",157,"48"
"2618","48203",66,"48"
"2619","48205",85,"48"
"2620","48207",16,"48"
"2621","48209",90,"48"
"2622","48211",85,"48"
"2623","48213",66,"48"
"2624","48215",217,"48"
"2625","48217",194,"48"
"2626","48219",85,"48"
"2627","48221",249,"48"
"2628","48223",66,"48"
"2629","48225",46,"48"
"2630","48227",314,"48"
"2631","48229",183,"48"
"2632","48231",99,"48"
"2633","48233",85,"48"
"2634","48235",16,"48"
"2635","48237",192,"48"
"2636","48239",239,"48"
"2637","48241",322,"48"
"2638","48243",242,"48"
"2639","48245",322,"48"
"2640","48247",276,"48"
"2641","48249",276,"48"
"2642","48251",249,"48"
"2643","48253",16,"48"
"2644","48255",169,"48"
"2645","48257",173,"48"
"2646","48259",169,"48"
"2647","48261",276,"48"
"2648","48263",85,"48"
"2649","48265",169,"48"
"2650","48267",169,"48"
"2651","48269",85,"48"
"2652","48271",169,"48"
"2653","48273",276,"48"
"2654","48275",16,"48"
"2655","48277",99,"48"
"2656","48279",85,"48"
"2657","48281",2,"48"
"2658","48283",169,"48"
"2659","48285",239,"48"
"2660","48287",186,"48"
"2661","48289",327,"48"
"2662","48291",76,"48"
"2663","48293",194,"48"
"2664","48295",85,"48"
"2665","48297",169,"48"
"2666","48299",2,"48"
"2667","48301",314,"48"
"2668","48303",85,"48"
"2669","48305",85,"48"
"2670","48307",16,"48"
"2671","48309",194,"48"
"2672","48311",169,"48"
"2673","48313",327,"48"
"2674","48315",66,"48"
"2675","48317",314,"48"
"2676","48319",169,"48"
"2677","48321",473,"48"
"2678","48323",169,"48"
"2679","48325",169,"48"
"2680","48327",16,"48"
"2681","48329",314,"48"
"2682","48331",2,"48"
"2683","48333",2,"48"
"2684","48335",16,"48"
"2685","48337",192,"48"
"2686","48339",157,"48"
"2687","48341",85,"48"
"2688","48343",66,"48"
"2689","48345",85,"48"
"2690","48347",200,"48"
"2691","48349",173,"48"
"2692","48351",322,"48"
"2693","48353",16,"48"
"2694","48355",276,"48"
"2695","48357",85,"48"
"2696","48359",85,"48"
"2697","48361",322,"48"
"2698","48363",249,"48"
"2699","48365",66,"48"
"2700","48367",249,"48"
"2701","48369",85,"48"
"2702","48371",242,"48"
"2703","48373",46,"48"
"2704","48375",85,"48"
"2705","48377",242,"48"
"2706","48379",66,"48"
"2707","48381",85,"48"
"2708","48383",16,"48"
"2709","48385",169,"48"
"2710","48387",99,"48"
"2711","48389",242,"48"
"2712","48391",239,"48"
"2713","48393",85,"48"
"2714","48395",327,"48"
"2715","48397",474,"48"
"2716","48399",16,"48"
"2717","48401",66,"48"
"2718","48403",46,"48"
"2719","48405",46,"48"
"2720","48407",46,"48"
"2721","48409",276,"48"
"2722","48411",2,"48"
"2723","48413",16,"48"
"2724","48415",85,"48"
"2725","48417",16,"48"
"2726","48419",200,"48"
"2727","48421",85,"48"
"2728","48423",66,"48"
"2729","48425",249,"48"
"2730","48427",217,"48"
"2731","48429",16,"48"
"2732","48431",16,"48"
"2733","48433",16,"48"
"2734","48435",16,"48"
"2735","48437",85,"48"
"2736","48439",249,"48"
"2737","48441",16,"48"
"2738","48443",242,"48"
"2739","48445",85,"48"
"2740","48447",16,"48"
"2741","48449",66,"48"
"2742","48451",16,"48"
"2743","48453",186,"48"
"2744","48455",46,"48"
"2745","48457",322,"48"
"2746","48459",66,"48"
"2747","48461",242,"48"
"2748","48463",169,"48"
"2749","48465",169,"48"
"2750","48467",66,"48"
"2751","48469",239,"48"
"2752","48471",46,"48"
"2753","48473",130,"48"
"2754","48475",242,"48"
"2755","48477",327,"48"
"2756","48479",201,"48"
"2757","48481",114,"48"
"2758","48483",85,"48"
"2759","48485",192,"48"
"2760","48487",192,"48"
"2761","48489",182,"48"
"2762","48491",186,"48"
"2763","48493",169,"48"
"2764","48495",242,"48"
"2765","48497",192,"48"
"2766","48499",66,"48"
"2767","48501",85,"48"
"2768","48503",192,"48"
"2769","48505",201,"48"
"2770","48507",169,"48"
"2771","49001",317,"49"
"2772","49003",223,"49"
"2773","49005",223,"49"
"2774","49007",228,"49"
"2775","49009",261,"49"
"2776","49011",261,"49"
"2777","49013",261,"49"
"2778","49015",228,"49"
"2779","49017",317,"49"
"2780","49019",261,"49"
"2781","49021",317,"49"
"2782","49023",228,"49"
"2783","49025",317,"49"
"2784","49027",228,"49"
"2785","49029",223,"49"
"2786","49031",228,"49"
"2787","49033",261,"49"
"2788","49035",261,"49"
"2789","49037",87,"49"
"2790","49039",228,"49"
"2791","49041",228,"49"
"2792","49043",261,"49"
"2793","49045",261,"49"
"2794","49047",261,"49"
"2795","49049",228,"49"
"2796","49051",261,"49"
"2797","49053",317,"49"
"2798","49055",228,"49"
"2799","49057",223,"49"
"2800","50001",189,"50"
"2801","50003",251,"50"
"2802","50005",230,"50"
"2803","50007",189,"50"
"2804","50009",230,"50"
"2805","50011",189,"50"
"2806","50013",189,"50"
"2807","50015",189,"50"
"2808","50017",230,"50"
"2809","50019",230,"50"
"2810","50021",475,"50"
"2811","50023",189,"50"
"2812","50025",230,"50"
"2813","50027",230,"50"
"2814","51001",243,"51"
"2815","51003",18,"51"
"2816","51005",18,"51"
"2817","51007",94,"51"
"2818","51009",18,"51"
"2819","51011",18,"51"
"2820","51013",44,"51"
"2821","51015",18,"51"
"2822","51017",18,"51"
"2823","51019",18,"51"
"2824","51021",18,"51"
"2825","51023",18,"51"
"2826","51025",94,"51"
"2827","51027",246,"51"
"2828","51029",18,"51"
"2829","51031",18,"51"
"2830","51033",234,"51"
"2831","51035",4,"51"
"2832","51036",94,"51"
"2833","51037",18,"51"
"2834","51041",94,"51"
"2835","51043",161,"51"
"2836","51045",18,"51"
"2837","51047",18,"51"
"2838","51049",94,"51"
"2839","51051",208,"51"
"2840","51053",94,"51"
"2841","51057",94,"51"
"2842","51059",44,"51"
"2843","51061",44,"51"
"2844","51063",18,"51"
"2845","51065",18,"51"
"2846","51067",18,"51"
"2847","51069",161,"51"
"2848","51071",18,"51"
"2849","51073",253,"51"
"2850","51075",94,"51"
"2851","51077",4,"51"
"2852","51079",18,"51"
"2853","51081",94,"51"
"2854","51083",18,"51"
"2855","51085",94,"51"
"2856","51087",94,"51"
"2857","51089",18,"51"
"2858","51091",18,"51"
"2859","51093",253,"51"
"2860","51095",94,"51"
"2861","51097",94,"51"
"2862","51099",234,"51"
"2863","51101",94,"51"
"2864","51103",94,"51"
"2865","51105",208,"51"
"2866","51107",44,"51"
"2867","51109",18,"51"
"2868","51111",94,"51"
"2869","51113",18,"51"
"2870","51115",253,"51"
"2871","51117",94,"51"
"2872","51119",253,"51"
"2873","51121",18,"51"
"2874","51125",18,"51"
"2875","51127",94,"51"
"2876","51131",190,"51"
"2877","51133",94,"51"
"2878","51135",94,"51"
"2879","51137",18,"51"
"2880","51139",161,"51"
"2881","51141",18,"51"
"2882","51143",18,"51"
"2883","51145",94,"51"
"2884","51147",94,"51"
"2885","51149",94,"51"
"2886","51153",44,"51"
"2887","51155",18,"51"
"2888","51157",18,"51"
"2889","51159",94,"51"
"2890","51161",18,"51"
"2891","51163",18,"51"
"2892","51165",161,"51"
"2893","51167",246,"51"
"2894","51169",208,"51"
"2895","51171",161,"51"
"2896","51173",246,"51"
"2897","51175",190,"51"
"2898","51177",234,"51"
"2899","51179",234,"51"
"2900","51181",94,"51"
"2901","51183",94,"51"
"2902","51185",246,"51"
"2903","51187",161,"51"
"2904","51191",246,"51"
"2905","51193",234,"51"
"2906","51195",208,"51"
"2907","51197",18,"51"
"2908","51199",253,"51"
"2909","51510",44,"51"
"2910","51520",246,"51"
"2911","51530",18,"51"
"2912","51540",18,"51"
"2913","51550",190,"51"
"2914","51570",94,"51"
"2915","51580",18,"51"
"2916","51590",18,"51"
"2917","51595",94,"51"
"2918","51600",44,"51"
"2919","51610",44,"51"
"2920","51620",190,"51"
"2921","51630",234,"51"
"2922","51640",4,"51"
"2923","51650",253,"51"
"2924","51660",161,"51"
"2925","51670",94,"51"
"2926","51678",18,"51"
"2927","51680",18,"51"
"2928","51683",44,"51"
"2929","51685",44,"51"
"2930","51690",18,"51"
"2931","51700",253,"51"
"2932","51710",190,"51"
"2933","51720",208,"51"
"2934","51730",94,"51"
"2935","51735",253,"51"
"2936","51740",190,"51"
"2937","51750",18,"51"
"2938","51760",94,"51"
"2939","51770",18,"51"
"2940","51775",18,"51"
"2941","51790",18,"51"
"2942","51800",190,"51"
"2943","51810",190,"51"
"2944","51820",18,"51"
"2945","51830",94,"51"
"2946","51840",161,"51"
"2947","53001",51,"53"
"2948","53003",175,"53"
"2949","53005",151,"53"
"2950","53007",311,"53"
"2951","53009",476,"53"
"2952","53011",146,"53"
"2953","53013",151,"53"
"2954","53015",146,"53"
"2955","53017",311,"53"
"2956","53019",51,"53"
"2957","53021",151,"53"
"2958","53023",175,"53"
"2959","53025",311,"53"
"2960","53027",104,"53"
"2961","53029",13,"53"
"2962","53031",294,"53"
"2963","53033",477,"53"
"2964","53035",294,"53"
"2965","53037",55,"53"
"2966","53039",258,"53"
"2967","53041",104,"53"
"2968","53043",51,"53"
"2969","53045",104,"53"
"2970","53047",311,"53"
"2971","53049",478,"53"
"2972","53051",51,"53"
"2973","53053",479,"53"
"2974","53057",13,"53"
"2975","53059",146,"53"
"2976","53061",13,"53"
"2977","53063",51,"53"
"2978","53065",51,"53"
"2979","53067",104,"53"
"2980","53069",146,"53"
"2981","53071",151,"53"
"2982","53073",480,"53"
"2983","53075",51,"53"
"2984","53077",55,"53"
"2985","54001",27,"54"
"2986","54003",161,"54"
"2987","54005",27,"54"
"2988","54007",27,"54"
"2989","54009",27,"54"
"2990","54011",8,"54"
"2991","54013",27,"54"
"2992","54015",27,"54"
"2993","54017",27,"54"
"2994","54019",27,"54"
"2995","54021",27,"54"
"2996","54023",27,"54"
"2997","54025",27,"54"
"2998","54027",161,"54"
"2999","54029",159,"54"
"3000","54031",161,"54"
"3001","54033",27,"54"
"3002","54035",27,"54"
"3003","54037",161,"54"
"3004","54039",27,"54"
"3005","54041",27,"54"
"3006","54043",27,"54"
"3007","54045",27,"54"
"3008","54047",27,"54"
"3009","54049",27,"54"
"3010","54051",27,"54"
"3011","54053",8,"54"
"3012","54055",27,"54"
"3013","54057",27,"54"
"3014","54059",8,"54"
"3015","54061",27,"54"
"3016","54063",18,"54"
"3017","54065",161,"54"
"3018","54067",27,"54"
"3019","54069",27,"54"
"3020","54071",161,"54"
"3021","54073",27,"54"
"3022","54075",18,"54"
"3023","54077",27,"54"
"3024","54079",27,"54"
"3025","54081",27,"54"
"3026","54083",27,"54"
"3027","54085",27,"54"
"3028","54087",27,"54"
"3029","54089",27,"54"
"3030","54091",27,"54"
"3031","54093",27,"54"
"3032","54095",27,"54"
"3033","54097",27,"54"
"3034","54099",8,"54"
"3035","54101",27,"54"
"3036","54103",27,"54"
"3037","54105",27,"54"
"3038","54107",27,"54"
"3039","54109",27,"54"
"3040","55001",42,"55"
"3041","55003",305,"55"
"3042","55005",74,"55"
"3043","55007",305,"55"
"3044","55009",206,"55"
"3045","55011",74,"55"
"3046","55013",481,"55"
"3047","55015",193,"55"
"3048","55017",74,"55"
"3049","55019",231,"55"
"3050","55021",42,"55"
"3051","55023",74,"55"
"3052","55025",42,"55"
"3053","55027",42,"55"
"3054","55029",206,"55"
"3055","55031",305,"55"
"3056","55033",74,"55"
"3057","55035",74,"55"
"3058","55037",206,"55"
"3059","55039",42,"55"
"3060","55041",231,"55"
"3061","55043",42,"55"
"3062","55045",42,"55"
"3063","55047",482,"55"
"3064","55049",42,"55"
"3065","55051",231,"55"
"3066","55053",74,"55"
"3067","55055",42,"55"
"3068","55057",42,"55"
"3069","55059",483,"55"
"3070","55061",206,"55"
"3071","55063",74,"55"
"3072","55065",42,"55"
"3073","55067",231,"55"
"3074","55069",231,"55"
"3075","55071",206,"55"
"3076","55073",231,"55"
"3077","55075",206,"55"
"3078","55077",42,"55"
"3079","55078",193,"55"
"3080","55079",98,"55"
"3081","55081",74,"55"
"3082","55083",206,"55"
"3083","55085",231,"55"
"3084","55087",193,"55"
"3085","55089",79,"55"
"3086","55091",74,"55"
"3087","55093",100,"55"
"3088","55095",100,"55"
"3089","55097",231,"55"
"3090","55099",231,"55"
"3091","55101",98,"55"
"3092","55103",42,"55"
"3093","55105",484,"55"
"3094","55107",74,"55"
"3095","55109",100,"55"
"3096","55111",42,"55"
"3097","55113",305,"55"
"3098","55115",231,"55"
"3099","55117",485,"55"
"3100","55119",231,"55"
"3101","55121",74,"55"
"3102","55123",74,"55"
"3103","55125",231,"55"
"3104","55127",98,"55"
"3105","55129",305,"55"
"3106","55131",79,"55"
"3107","55133",79,"55"
"3108","55135",193,"55"
"3109","55137",193,"55"
"3110","55139",193,"55"
"3111","55141",231,"55"
"3112","56001",61,"56"
"3113","56003",33,"56"
"3114","56005",24,"56"
"3115","56007",304,"56"
"3116","56009",304,"56"
"3117","56011",24,"56"
"3118","56013",304,"56"
"3119","56015",24,"56"
"3120","56017",33,"56"
"3121","56019",304,"56"
"3122","56021",24,"56"
"3123","56023",219,"56"
"3124","56025",304,"56"
"3125","56027",24,"56"
"3126","56029",33,"56"
"3127","56031",24,"56"
"3128","56033",33,"56"
"3129","56035",219,"56"
"3130","56037",261,"56"
"3131","56039",219,"56"
"3132","56041",261,"56"
"3133","56043",33,"56"
"3134","56045",24,"56"
